{
    "MAE": 0.006412241723167129,
    "RMSE": 0.008476038817735891,
    "R2": 0.9872507863573992
}