{
    "MAE": 0.02287912711796194,
    "RMSE": 0.024591442558790765,
    "R2": 0.9036274612809085
}