{
    "MAE": 0.0069510927746570346,
    "RMSE": 0.008695161963604073,
    "R2": 0.9883652212583928
}