{
    "MAE": 4.818620584388771e-05,
    "RMSE": 5.94567872744369e-05,
    "R2": 0.9999994108118131
}