{
    "MAE": 0.008852163394267606,
    "RMSE": 0.010948627527656744,
    "R2": 0.980599493859475
}