{
    "MAE": 0.007154583105688343,
    "RMSE": 0.008839507624798513,
    "R2": 0.9865096026176982
}