{
    "MAE": 0.006940804140660727,
    "RMSE": 0.008560319778123951,
    "R2": 0.987724026541494
}