{
    "MAE": 0.0013772226491998328,
    "RMSE": 0.0015917840113908947,
    "R2": 0.9995819527628907
}