{
    "MAE": 0.008495999315735137,
    "RMSE": 0.010201322788183888,
    "R2": 0.9813255957358347
}