{
    "MAE": 0.006258156155189961,
    "RMSE": 0.008217718527467593,
    "R2": 0.9877271467200449
}