{
    "MAE": 0.0056454079585278975,
    "RMSE": 0.007583413196648794,
    "R2": 0.9908062117018698
}