{
    "MAE": 0.006991661015418496,
    "RMSE": 0.008709171239802624,
    "R2": 0.9875680267049313
}