{
    "MAE": 0.001610240922078933,
    "RMSE": 0.0021550854079336016,
    "R2": 0.9991865579669106
}