{
    "MAE": 0.017096169818524676,
    "RMSE": 0.01900412980680967,
    "R2": 0.9405630168291386
}