{
    "MAE": 0.0067846993915736675,
    "RMSE": 0.008468504300403674,
    "R2": 0.9890663098429869
}