{
    "MAE": 0.00698199645514683,
    "RMSE": 0.008670366567571095,
    "R2": 0.9877633280015501
}